<annotation>
	<folder>data_ogcare</folder>
	<filename>1.jpg</filename>
	<path>/Users/khacnha/Desktop/data_ogcare/1.jpg</path>
	<source>
		<database>Unknown</database>
	</source>
	<size>
		<width>550</width>
		<height>550</height>
		<depth>3</depth>
	</size>
	<segmented>0</segmented>
	<object>
		<name>screen_small</name>
		<pose>Unspecified</pose>
		<truncated>0</truncated>
		<difficult>0</difficult>
		<bndbox>
			<xmin>178</xmin>
			<ymin>113</ymin>
			<xmax>367</xmax>
			<ymax>287</ymax>
		</bndbox>
	</object>
</annotation>
