<annotation>
	<folder>data_ogcare</folder>
	<filename>11.jpg</filename>
	<path>/Users/khacnha/Desktop/data_ogcare/11.jpg</path>
	<source>
		<database>Unknown</database>
	</source>
	<size>
		<width>1280</width>
		<height>720</height>
		<depth>3</depth>
	</size>
	<segmented>0</segmented>
	<object>
		<name>screen_small</name>
		<pose>Unspecified</pose>
		<truncated>0</truncated>
		<difficult>0</difficult>
		<bndbox>
			<xmin>795</xmin>
			<ymin>131</ymin>
			<xmax>983</xmax>
			<ymax>335</ymax>
		</bndbox>
	</object>
</annotation>
