<annotation>
	<folder>data_ogcare</folder>
	<filename>12.jpg</filename>
	<path>/Users/khacnha/Desktop/data_ogcare/12.jpg</path>
	<source>
		<database>Unknown</database>
	</source>
	<size>
		<width>1300</width>
		<height>865</height>
		<depth>3</depth>
	</size>
	<segmented>0</segmented>
	<object>
		<name>screen_small</name>
		<pose>Unspecified</pose>
		<truncated>0</truncated>
		<difficult>0</difficult>
		<bndbox>
			<xmin>677</xmin>
			<ymin>220</ymin>
			<xmax>1043</xmax>
			<ymax>514</ymax>
		</bndbox>
	</object>
</annotation>
