<annotation>
	<folder>data_ogcare</folder>
	<filename>13.jpg</filename>
	<path>/Users/khacnha/Desktop/data_ogcare/13.jpg</path>
	<source>
		<database>Unknown</database>
	</source>
	<size>
		<width>970</width>
		<height>405</height>
		<depth>3</depth>
	</size>
	<segmented>0</segmented>
	<object>
		<name>screen_small</name>
		<pose>Unspecified</pose>
		<truncated>0</truncated>
		<difficult>0</difficult>
		<bndbox>
			<xmin>558</xmin>
			<ymin>29</ymin>
			<xmax>840</xmax>
			<ymax>286</ymax>
		</bndbox>
	</object>
</annotation>
