<annotation>
	<folder>data_ogcare</folder>
	<filename>14.jpg</filename>
	<path>/Users/khacnha/Desktop/data_ogcare/14.jpg</path>
	<source>
		<database>Unknown</database>
	</source>
	<size>
		<width>700</width>
		<height>700</height>
		<depth>3</depth>
	</size>
	<segmented>0</segmented>
	<object>
		<name>screen_small</name>
		<pose>Unspecified</pose>
		<truncated>0</truncated>
		<difficult>0</difficult>
		<bndbox>
			<xmin>433</xmin>
			<ymin>118</ymin>
			<xmax>649</xmax>
			<ymax>330</ymax>
		</bndbox>
	</object>
</annotation>
