<annotation>
	<folder>data_ogcare</folder>
	<filename>15.jpeg</filename>
	<path>/Users/khacnha/Desktop/data_ogcare/15.jpeg</path>
	<source>
		<database>Unknown</database>
	</source>
	<size>
		<width>188</width>
		<height>268</height>
		<depth>3</depth>
	</size>
	<segmented>0</segmented>
	<object>
		<name>screen_small</name>
		<pose>Unspecified</pose>
		<truncated>0</truncated>
		<difficult>0</difficult>
		<bndbox>
			<xmin>43</xmin>
			<ymin>54</ymin>
			<xmax>142</xmax>
			<ymax>185</ymax>
		</bndbox>
	</object>
</annotation>
