<annotation>
	<folder>data_ogcare</folder>
	<filename>16.jpeg</filename>
	<path>/Users/khacnha/Desktop/data_ogcare/16.jpeg</path>
	<source>
		<database>Unknown</database>
	</source>
	<size>
		<width>251</width>
		<height>201</height>
		<depth>3</depth>
	</size>
	<segmented>0</segmented>
	<object>
		<name>screen_small</name>
		<pose>Unspecified</pose>
		<truncated>0</truncated>
		<difficult>0</difficult>
		<bndbox>
			<xmin>18</xmin>
			<ymin>73</ymin>
			<xmax>96</xmax>
			<ymax>123</ymax>
		</bndbox>
	</object>
	<object>
		<name>screen_small</name>
		<pose>Unspecified</pose>
		<truncated>0</truncated>
		<difficult>0</difficult>
		<bndbox>
			<xmin>199</xmin>
			<ymin>60</ymin>
			<xmax>237</xmax>
			<ymax>94</ymax>
		</bndbox>
	</object>
</annotation>
