<annotation>
	<folder>data_ogcare</folder>
	<filename>17.jpg</filename>
	<path>/Users/khacnha/Desktop/data_ogcare/17.jpg</path>
	<source>
		<database>Unknown</database>
	</source>
	<size>
		<width>915</width>
		<height>402</height>
		<depth>3</depth>
	</size>
	<segmented>0</segmented>
	<object>
		<name>screen_small</name>
		<pose>Unspecified</pose>
		<truncated>0</truncated>
		<difficult>0</difficult>
		<bndbox>
			<xmin>199</xmin>
			<ymin>222</ymin>
			<xmax>360</xmax>
			<ymax>309</ymax>
		</bndbox>
	</object>
</annotation>
