<annotation>
	<folder>data_ogcare</folder>
	<filename>18.jpeg</filename>
	<path>/Users/khacnha/Desktop/data_ogcare/18.jpeg</path>
	<source>
		<database>Unknown</database>
	</source>
	<size>
		<width>251</width>
		<height>201</height>
		<depth>3</depth>
	</size>
	<segmented>0</segmented>
	<object>
		<name>screen_small</name>
		<pose>Unspecified</pose>
		<truncated>0</truncated>
		<difficult>0</difficult>
		<bndbox>
			<xmin>47</xmin>
			<ymin>46</ymin>
			<xmax>73</xmax>
			<ymax>67</ymax>
		</bndbox>
	</object>
</annotation>
