<annotation>
	<folder>data_ogcare</folder>
	<filename>19.jpeg</filename>
	<path>/Users/khacnha/Desktop/data_ogcare/19.jpeg</path>
	<source>
		<database>Unknown</database>
	</source>
	<size>
		<width>284</width>
		<height>177</height>
		<depth>3</depth>
	</size>
	<segmented>0</segmented>
	<object>
		<name>screen_small</name>
		<pose>Unspecified</pose>
		<truncated>0</truncated>
		<difficult>0</difficult>
		<bndbox>
			<xmin>57</xmin>
			<ymin>83</ymin>
			<xmax>97</xmax>
			<ymax>110</ymax>
		</bndbox>
	</object>
</annotation>
