<annotation>
	<folder>data_ogcare</folder>
	<filename>2.jpeg</filename>
	<path>/Users/khacnha/Desktop/data_ogcare/2.jpeg</path>
	<source>
		<database>Unknown</database>
	</source>
	<size>
		<width>225</width>
		<height>225</height>
		<depth>3</depth>
	</size>
	<segmented>0</segmented>
	<object>
		<name>screen_small</name>
		<pose>Unspecified</pose>
		<truncated>0</truncated>
		<difficult>0</difficult>
		<bndbox>
			<xmin>39</xmin>
			<ymin>43</ymin>
			<xmax>115</xmax>
			<ymax>115</ymax>
		</bndbox>
	</object>
</annotation>
