<annotation>
	<folder>data_ogcare</folder>
	<filename>20.jpg</filename>
	<path>/Users/khacnha/Desktop/data_ogcare/20.jpg</path>
	<source>
		<database>Unknown</database>
	</source>
	<size>
		<width>1280</width>
		<height>720</height>
		<depth>3</depth>
	</size>
	<segmented>0</segmented>
	<object>
		<name>screen_small</name>
		<pose>Unspecified</pose>
		<truncated>0</truncated>
		<difficult>0</difficult>
		<bndbox>
			<xmin>520</xmin>
			<ymin>194</ymin>
			<xmax>748</xmax>
			<ymax>391</ymax>
		</bndbox>
	</object>
</annotation>
