<annotation>
	<folder>data_ogcare</folder>
	<filename>21.jpeg</filename>
	<path>/Users/khacnha/Desktop/data_ogcare/21.jpeg</path>
	<source>
		<database>Unknown</database>
	</source>
	<size>
		<width>275</width>
		<height>183</height>
		<depth>3</depth>
	</size>
	<segmented>0</segmented>
	<object>
		<name>screen_small</name>
		<pose>Unspecified</pose>
		<truncated>0</truncated>
		<difficult>0</difficult>
		<bndbox>
			<xmin>97</xmin>
			<ymin>72</ymin>
			<xmax>159</xmax>
			<ymax>99</ymax>
		</bndbox>
	</object>
</annotation>
