<annotation>
	<folder>data_ogcare</folder>
	<filename>22.jpg</filename>
	<path>/Users/khacnha/Desktop/data_ogcare/22.jpg</path>
	<source>
		<database>Unknown</database>
	</source>
	<size>
		<width>1685</width>
		<height>1124</height>
		<depth>3</depth>
	</size>
	<segmented>0</segmented>
	<object>
		<name>screen_small</name>
		<pose>Unspecified</pose>
		<truncated>0</truncated>
		<difficult>0</difficult>
		<bndbox>
			<xmin>176</xmin>
			<ymin>632</ymin>
			<xmax>656</xmax>
			<ymax>901</ymax>
		</bndbox>
	</object>
</annotation>
