<annotation>
	<folder>data_ogcare</folder>
	<filename>4.jpg</filename>
	<path>/Users/khacnha/Desktop/data_ogcare/4.jpg</path>
	<source>
		<database>Unknown</database>
	</source>
	<size>
		<width>739</width>
		<height>501</height>
		<depth>3</depth>
	</size>
	<segmented>0</segmented>
	<object>
		<name>screen_small</name>
		<pose>Unspecified</pose>
		<truncated>0</truncated>
		<difficult>0</difficult>
		<bndbox>
			<xmin>441</xmin>
			<ymin>150</ymin>
			<xmax>563</xmax>
			<ymax>246</ymax>
		</bndbox>
	</object>
</annotation>
