<annotation>
	<folder>data_ogcare</folder>
	<filename>5.jpg</filename>
	<path>/Users/khacnha/Desktop/data_ogcare/5.jpg</path>
	<source>
		<database>Unknown</database>
	</source>
	<size>
		<width>1600</width>
		<height>1067</height>
		<depth>3</depth>
	</size>
	<segmented>0</segmented>
	<object>
		<name>screen_small</name>
		<pose>Unspecified</pose>
		<truncated>0</truncated>
		<difficult>0</difficult>
		<bndbox>
			<xmin>415</xmin>
			<ymin>83</ymin>
			<xmax>788</xmax>
			<ymax>396</ymax>
		</bndbox>
	</object>
</annotation>
