<annotation>
	<folder>data_ogcare</folder>
	<filename>6.jpg</filename>
	<path>/Users/khacnha/Desktop/data_ogcare/6.jpg</path>
	<source>
		<database>Unknown</database>
	</source>
	<size>
		<width>630</width>
		<height>330</height>
		<depth>3</depth>
	</size>
	<segmented>0</segmented>
	<object>
		<name>screen_small</name>
		<pose>Unspecified</pose>
		<truncated>0</truncated>
		<difficult>0</difficult>
		<bndbox>
			<xmin>319</xmin>
			<ymin>41</ymin>
			<xmax>467</xmax>
			<ymax>176</ymax>
		</bndbox>
	</object>
</annotation>
