<annotation>
	<folder>data_ogcare</folder>
	<filename>7.jpg</filename>
	<path>/Users/khacnha/Desktop/data_ogcare/7.jpg</path>
	<source>
		<database>Unknown</database>
	</source>
	<size>
		<width>900</width>
		<height>900</height>
		<depth>3</depth>
	</size>
	<segmented>0</segmented>
	<object>
		<name>screen_small</name>
		<pose>Unspecified</pose>
		<truncated>0</truncated>
		<difficult>0</difficult>
		<bndbox>
			<xmin>163</xmin>
			<ymin>52</ymin>
			<xmax>508</xmax>
			<ymax>401</ymax>
		</bndbox>
	</object>
</annotation>
