<annotation>
	<folder>data_ogcare</folder>
	<filename>9.jpeg</filename>
	<path>/Users/khacnha/Desktop/data_ogcare/9.jpeg</path>
	<source>
		<database>Unknown</database>
	</source>
	<size>
		<width>242</width>
		<height>208</height>
		<depth>3</depth>
	</size>
	<segmented>0</segmented>
	<object>
		<name>screen_small</name>
		<pose>Unspecified</pose>
		<truncated>0</truncated>
		<difficult>0</difficult>
		<bndbox>
			<xmin>98</xmin>
			<ymin>93</ymin>
			<xmax>164</xmax>
			<ymax>140</ymax>
		</bndbox>
	</object>
</annotation>
